Id,Designator,Package,Quantity,Designation,Supplier and ref
1,"C1,C2",C_1206,2,0.1uF,
2,C3,C_1206,1,3.3nF,
3,"C7,C8",C_1206,2,20pF,
4,IC1,TQFP-32_7x7mm_Pitch0.8mm,1,ATMEGA328P-AU,
5,P1,Pin_Header_Straight_2x03,1,ICSP-Main,
6,"R3,R4",R_1206,2,1K,
7,P11,Pin_Header_Straight_2x03,1,CTR,
8,Y1,Crystal_HC49-SD_SMD,1,16Mhz,
9,P12,Pin_Header_Straight_2x04,1,CON,
10,P13,Pin_Header_Straight_2x03,1,TRX,
11,P2,Pin_Header_Straight_2x03,1,ICSP,
12,P3,Pin_Header_Straight_2x05,1,EXP1,"Similar to WURTH ELEKTRONIK  61201021621  Wire-To-Board Connector, Vertical, WR-BHD Series, 10 Contacts, Header, 2.54 mm, Through Hole"
13,P4,Pin_Header_Straight_2x05,1,EXP2,"Similar to WURTH ELEKTRONIK  61201021621  Wire-To-Board Connector, Vertical, WR-BHD Series, 10 Contacts, Header, 2.54 mm, Through Hole"
